libId,algn_seg_with_mult_algn,aligned,alignment_not_unique,ambiguous,bad_cycles,category,coding_bases,correct_strand_reads,estimated_library_size,fastq_total_reads,ignored_reads,incorrect_strand_reads,intergenic_bases,intronic_bases,library,mean_read_length,median_3prime_bias,median_5prime_bias,median_5prime_to_3prime_bias,median_cv_coverage,no_feature,not_aligned,pct_adapter,pct_chimeras,pct_coding_bases,pct_correct_strand_reads,pct_intergenic_bases,pct_intronic_bases,pct_mrna_bases,pct_pf_reads,pct_pf_reads_aligned,pct_reads_aligned_in_pairs,pct_ribosomal_bases,pct_usable_bases,pct_utr_bases,percent_duplication,pf_aligned_bases,pf_bases,pf_hq_aligned_bases,pf_hq_aligned_q20_bases,pf_hq_aligned_reads,pf_hq_error_rate,pf_hq_median_mismatches,pf_indel_rate,pf_mismatch_rate,pf_noise_reads,pf_reads,pf_reads_aligned,read_pair_duplicates,read_pair_optical_duplicates,read_pairs_examined,reads_aligned_in_pairs,reads_aligned_sam,reads_with_mult_align,ribosomal_bases,strand_balance,too_low_aQual,total_reads,unmapped_reads,unpaired_read_duplicates,unpaired_reads_examined,utr_bases,mapped_reads_w_dups
lib68811_AAAM5GYM5,98.6,73.9,866078,408152,0.0,FIRST_OF_PAIR,290210146.0,3075722.0,10869126.0,7152408.0,0.0,3070878.0,32403816.0,86421116.0,Unknown Library,56.626768,0.855055,0.566106,0.676022,0.384286,909962,0,0.0,0.005124,0.504801,0.500394,0.056364,0.150324,0.788417,1.0,0.992373,0.994783,0.004965,0.78218,0.283615,0.260633,574899898.0,579483402.0,274321128.0,269858008.0,4838375.0,0.001848,0.0,0.000114,0.001925,0.0,5125156.0,5086064.0,1749058.0,0.0,6808590.0,5059532.0,5287871.0,5214338.0,2854510.0,0.499873,0,5125156.0,121571.0,82658.0,121590.0,163050423.0,0.9689296248200606
lib68812_AAAM5GYM5,98.7,74.4,814115,347133,0.0,FIRST_OF_PAIR,255181686.0,2659459.0,10190104.0,6422458.0,0.0,2662047.0,41499070.0,84825603.0,Unknown Library,56.611747,0.826239,0.555514,0.685578,0.383001,986975,0,0.0,0.005168,0.490276,0.499757,0.079731,0.162974,0.751936,1.0,0.992512,0.994348,0.005437,0.74601,0.26166,0.250661,520485281.0,524619747.0,248523549.0,244515194.0,4384552.0,0.001895,0.0,0.000116,0.001989,0.0,4641733.0,4606976.0,1502707.0,0.0,6083645.0,4580938.0,4780142.0,4716121.0,2829690.0,0.499829,0,4641733.0,109981.0,72021.0,110000.0,136190046.0,0.9643729861682241
lib68813_AAAM5GYM5,98.5,74.0,701247,365043,0.0,FIRST_OF_PAIR,251108317.0,2647110.0,8853135.0,5840877.0,0.0,2649438.0,16650533.0,58179071.0,Unknown Library,56.670647,0.846404,0.581703,0.677117,0.408951,557723,0,0.0,0.006173,0.536213,0.49978,0.035555,0.124235,0.835147,1.0,0.992555,0.994163,0.005135,0.827801,0.298934,0.261201,468299577.0,472455117.0,223360781.0,219696022.0,3940109.0,0.001802,0.0,0.000107,0.001865,0.0,4178462.0,4147352.0,1426428.0,0.0,5549571.0,4123143.0,4323100.0,4257048.0,2404935.0,0.500345,0,4178462.0,108543.0,74607.0,108562.0,139990551.0,0.9687129175978196
lib68814_AAAM5GYM5,98.5,75.9,682019,359409,0.0,FIRST_OF_PAIR,249847574.0,2572274.0,9424615.0,5566570.0,0.0,2580510.0,18910485.0,56420284.0,Unknown Library,56.597042,0.842856,0.551811,0.67051,0.410035,570135,0,0.0,0.004088,0.544375,0.499201,0.041203,0.12293,0.831584,1.0,0.992022,0.994243,0.004339,0.824539,0.287209,0.238728,458962413.0,462883438.0,218496883.0,214668861.0,3856392.0,0.001759,0.0,9.6e-05,0.001828,0.0,4097658.0,4064968.0,1236876.0,0.0,5278440.0,4041564.0,4223447.0,4160342.0,1991319.0,0.49969,0,4097658.0,105658.0,71696.0,105673.0,131818061.0,0.9672227242269477
lib68815_AAAM5GYM5,98.5,75.4,764945,408193,0.0,FIRST_OF_PAIR,288694886.0,2924148.0,10024216.0,6137859.0,0.0,2923458.0,16906693.0,50836198.0,Unknown Library,56.70015,0.835508,0.573494,0.690183,0.412906,501483,0,0.0,0.003991,0.574649,0.500059,0.033653,0.10119,0.860747,1.0,0.993053,0.994626,0.004466,0.853425,0.286099,0.246314,502384810.0,506695492.0,238909554.0,235079111.0,4212809.0,0.001707,0.0,9.4e-05,0.001781,0.0,4478439.0,4447327.0,1411631.0,0.0,5835057.0,4423426.0,4626533.0,4557614.0,2243507.0,0.500071,0,4478439.0,112213.0,78895.0,112228.0,143731573.0,0.968951062577358
lib68816_AAAM5GYM5,98.6,74.7,810770,332242,0.0,FIRST_OF_PAIR,236919336.0,2474213.0,9318640.0,5925500.0,0.0,2473504.0,27380794.0,83662133.0,Unknown Library,56.670148,0.826149,0.561645,0.683465,0.411677,852144,0,0.0,0.004988,0.49342,0.500072,0.057025,0.174239,0.76311,1.0,0.992944,0.99376,0.005703,0.756781,0.26969,0.253205,480157196.0,484172910.0,228436787.0,224785351.0,4028847.0,0.001776,0.0,0.000105,0.001849,0.0,4283061.0,4252841.0,1404764.0,0.0,5631068.0,4226304.0,4428583.0,4368440.0,2738379.0,0.499835,0,4283061.0,106084.0,68970.0,106102.0,129493537.0,0.9682170280988946
lib68817_AAAM5GYM5,98.6,74.7,847526,375993,0.0,FIRST_OF_PAIR,267376058.0,2704864.0,9904415.0,6366299.0,0.0,2708495.0,35165401.0,79559990.0,Unknown Library,56.698728,0.827399,0.566182,0.69655,0.415959,886025,0,0.0,0.005429,0.518492,0.499665,0.068192,0.154282,0.772169,1.0,0.993214,0.994418,0.005435,0.765556,0.253677,0.256247,515679951.0,520134212.0,245429026.0,241751758.0,4328953.0,0.001782,0.0,9.9e-05,0.001875,0.0,4597582.0,4566384.0,1534079.0,0.0,6074975.0,4540896.0,4753529.0,4689045.0,2802648.0,0.500099,0,4597582.0,109017.0,73167.0,109035.0,130816055.0,0.971366566351973
lib68818_AAAM5GYM5,98.7,74.1,640085,290568,0.0,FIRST_OF_PAIR,194730203.0,2020452.0,7169708.0,4575167.0,0.0,2009763.0,19482309.0,47001659.0,Unknown Library,56.631079,0.820164,0.56341,0.70321,0.406693,500727,0,0.0,0.005372,0.529275,0.501326,0.052953,0.12775,0.812737,1.0,0.992531,0.994778,0.006654,0.804763,0.283462,0.252427,367918925.0,371564337.0,174122160.0,171379719.0,3076579.0,0.002021,0.0,0.00013,0.002095,0.0,3285623.0,3261084.0,1074491.0,0.0,4318546.0,3244055.0,3391899.0,3348379.0,2448247.0,0.499902,0,3285623.0,75553.0,50329.0,75568.0,104291102.0,0.960427018292447
lib68819_AAAM5GYM5,98.4,74.0,1097311,481759,0.0,FIRST_OF_PAIR,345680069.0,3532603.0,11563376.0,7853422.0,0.0,3529129.0,22681088.0,78437570.0,Unknown Library,56.723109,0.848223,0.574283,0.676725,0.40411,758630,0,0.0,0.004415,0.553198,0.500246,0.036297,0.125525,0.834333,1.0,0.993306,0.994048,0.003901,0.826926,0.281134,0.268018,624875594.0,630472484.0,296653937.0,292101236.0,5230530.0,0.001685,0.0,9.5e-05,0.001754,0.0,5574803.0,5537484.0,1969148.0,0.0,7473674.0,5504526.0,5808576.0,5714649.0,2437818.0,0.500118,0,5574803.0,152873.0,108838.0,152898.0,175673960.0,0.9711145026970408
lib68820_AAAM5GYM5,98.6,74.9,890215,425532,0.0,FIRST_OF_PAIR,307308872.0,3117956.0,10382486.0,6648908.0,0.0,3114378.0,17311399.0,59042010.0,Unknown Library,56.602225,0.835605,0.576433,0.703442,0.406729,568244,0,0.0,0.004171,0.570251,0.500287,0.032124,0.10956,0.85479,1.0,0.99207,0.995222,0.003574,0.847312,0.284539,0.255964,538901298.0,543657827.0,255608031.0,251253464.0,4512282.0,0.001747,0.0,9.4e-05,0.00182,0.0,4809197.0,4771058.0,1598145.0,0.0,6346406.0,4748261.0,4979363.0,4908004.0,1925970.0,0.500223,0,4809197.0,116290.0,82377.0,116307.0,153338687.0,0.9719961533533025
lib68821_AAAM5GYM5,98.7,72.4,1129087,374950,0.0,FIRST_OF_PAIR,271857540.0,2872898.0,9790769.0,7186472.0,0.0,2866377.0,29782980.0,101935989.0,Unknown Library,56.645774,0.840852,0.583122,0.70469,0.402322,1009989,0,0.0,0.004777,0.486327,0.500568,0.053279,0.182354,0.759159,1.0,0.99276,0.994756,0.005283,0.752288,0.272832,0.283953,559001613.0,564107071.0,264230757.0,260178436.0,4664848.0,0.001807,0.0,0.000109,0.001896,0.0,4987835.0,4951723.0,1921621.0,0.0,6847378.0,4925757.0,5203850.0,5137204.0,2953286.0,0.500456,0,4987835.0,116010.0,78382.0,116044.0,152513534.0,0.968962517352047
lib68822_AAAM5GYM5,99.0,74.5,504372,144362,0.0,FIRST_OF_PAIR,101731274.0,1092425.0,5971275.0,3460505.0,0.0,1092579.0,43691181.0,73048192.0,Unknown Library,56.544017,0.797909,0.594132,0.726302,0.392544,939410,0,0.0,0.005572,0.361902,0.499965,0.155429,0.259864,0.577411,1.0,0.992724,0.992914,0.00742,0.571996,0.215509,0.228585,281101476.0,283762966.0,133479188.0,131329889.0,2361089.0,0.002007,0.0,0.000119,0.002146,0.0,2514219.0,2495925.0,723494.0,0.0,3201733.0,2478239.0,2577367.0,2551708.0,2085858.0,0.499707,0,2514219.0,55758.0,29501.0,55793.0,60579868.0,0.9413441101804505
lib68823_AAAM5GYM5,98.8,76.1,567231,186653,0.0,FIRST_OF_PAIR,135007877.0,1400840.0,7196246.0,3871888.0,0.0,1401985.0,40871807.0,71079929.0,Unknown Library,56.615255,0.774283,0.620826,0.830163,0.405283,893101,0,0.0,0.005208,0.421311,0.499796,0.127546,0.221815,0.644514,1.0,0.993541,0.991489,0.006219,0.638123,0.223203,0.216057,320447190.0,323656203.0,152377970.0,149941580.0,2694795.0,0.001985,0.0,0.000113,0.002127,0.0,2869684.0,2851148.0,763627.0,0.0,3590508.0,2826881.0,2947331.0,2912546.0,1992732.0,0.500544,0,2869684.0,72437.0,39908.0,72462.0,71524736.0,0.9460423442000389
lib68824_AAAM5GYM5,99.0,75.3,560283,170455,0.0,FIRST_OF_PAIR,121698089.0,1295056.0,6550641.0,3764739.0,0.0,1297830.0,40553896.0,74601800.0,Unknown Library,56.553768,0.779395,0.583686,0.740955,0.404014,919615,0,0.0,0.005695,0.394437,0.499465,0.13144,0.241793,0.620181,1.0,0.992769,0.99318,0.006684,0.614222,0.225743,0.228933,308535817.0,311529251.0,146337985.0,143970925.0,2588774.0,0.001992,0.0,0.000117,0.002129,0.0,2759471.0,2739516.0,795212.0,0.0,3516045.0,2720833.0,2834709.0,2805640.0,2062334.0,0.499826,0,2759471.0,61134.0,33457.0,61162.0,69649916.0,0.950187250696529
lib68825_AAAM5GYM5,99.2,74.4,445458,60672,0.0,FIRST_OF_PAIR,44544567.0,495673.0,4748717.0,2495198.0,0.0,495332.0,52519859.0,75431102.0,Unknown Library,56.462404,0.771693,0.623959,0.813725,0.443765,1039757,0,0.0,0.007399,0.219822,0.500172,0.259179,0.372244,0.359123,1.0,0.992384,0.991437,0.009631,0.355226,0.139301,0.205151,202638996.0,204861928.0,96055477.0,94444797.0,1702844.0,0.002259,0.0,0.000125,0.002468,0.0,1818157.0,1804310.0,456017.0,0.0,2244876.0,1788859.0,1857181.0,1842286.0,1951664.0,0.499822,0,1818157.0,40748.0,17408.0,40785.0,28227744.0,0.9160238987046319
lib68826_AAAM5GYM5,99.1,73.6,336058,94690,0.0,FIRST_OF_PAIR,67175431.0,707007.0,4003164.0,2223803.0,0.0,706161.0,26283374.0,45435371.0,Unknown Library,56.505299,0.768523,0.616345,0.813504,0.414276,575179,0,0.0,0.007096,0.376306,0.500299,0.147235,0.254522,0.586466,1.0,0.992299,0.992423,0.011998,0.580001,0.210159,0.215699,178512633.0,180502251.0,84602281.0,83199946.0,1498941.0,0.002309,0.0,0.000132,0.00247,0.0,1600097.0,1587774.0,426863.0,0.0,2002607.0,1575744.0,1636722.0,1621183.0,2141716.0,0.50027,0,1600097.0,36208.0,18008.0,36230.0,37516082.0,0.9168244669154597
lib68827_AAAM5GYM5,98.5,72.2,1103196,507002,0.0,FIRST_OF_PAIR,338962480.0,3460634.0,10595599.0,7853648.0,0.0,3461869.0,22943554.0,68300776.0,Unknown Library,56.697713,0.821656,0.576079,0.709863,0.418816,680830,0,0.0,0.004328,0.55619,0.499911,0.037647,0.112072,0.846491,1.0,0.992725,0.995103,0.003849,0.838671,0.2903,0.287144,609436024.0,615118547.0,288132781.0,283688730.0,5082678.0,0.001606,0.0,9.1e-05,0.001652,0.0,5435882.0,5396337.0,2119610.0,0.0,7489519.0,5369909.0,5671732.0,5584566.0,2345492.0,0.500198,0,5435882.0,138923.0,101810.0,138939.0,176919411.0,0.971326700661909
lib68828_AAAM5GYM5,98.7,74.3,942352,445434,0.0,FIRST_OF_PAIR,308174106.0,3139384.0,10222350.0,6800510.0,0.0,3135394.0,18277658.0,59784759.0,Unknown Library,56.644975,0.845536,0.579189,0.715278,0.409352,579664,0,0.0,0.004065,0.563836,0.500318,0.033441,0.109382,0.852961,1.0,0.9922,0.995865,0.004282,0.84539,0.289125,0.264181,546567206.0,551461750.0,258470966.0,254362293.0,4561379.0,0.00164,0.0,9.3e-05,0.001692,0.0,4873157.0,4835146.0,1694906.0,0.0,6510059.0,4815153.0,5052736.0,4985329.0,2340138.0,0.500946,0,4873157.0,109394.0,78763.0,109406.0,158026294.0,0.9733777319642203
lib68829_AAAM5GYM5,98.7,73.7,964321,345848,0.0,FIRST_OF_PAIR,240702113.0,2553299.0,8866084.0,6098427.0,0.0,2553520.0,23251083.0,77679905.0,Unknown Library,56.599838,0.840617,0.57849,0.682091,0.408321,763736,0,0.0,0.00481,0.497093,0.499978,0.048018,0.160423,0.785378,1.0,0.992203,0.994934,0.006277,0.778532,0.288285,0.270155,484219736.0,488477623.0,228454381.0,224710444.0,4033245.0,0.001715,0.0,0.000103,0.001772,0.0,4321112.0,4287422.0,1551282.0,0.0,5816985.0,4265703.0,4497085.0,4439621.0,3039259.0,0.500176,0,4321112.0,100187.0,67477.0,100204.0,139593212.0,0.9702811889033024
lib68830_AAAM5GYM5,98.6,76.0,648274,358381,0.0,FIRST_OF_PAIR,239692662.0,2501926.0,9077880.0,5350890.0,0.0,2503584.0,17405721.0,52142782.0,Unknown Library,56.675743,0.831625,0.559446,0.684272,0.41428,522908,0,0.0,0.004676,0.54113,0.499834,0.039295,0.117717,0.838241,1.0,0.992989,0.994546,0.004811,0.83105,0.297111,0.238917,442948587.0,446781347.0,211020197.0,207564547.0,3723206.0,0.00177,0.0,0.0001,0.001841,0.0,3950319.0,3922624.0,1197656.0,0.0,5098885.0,3901229.0,4068605.0,4012630.0,2131026.0,0.500287,0,3950319.0,94051.0,63578.0,94065.0,131604827.0,0.970483414908548
lib68831_AAAM5GYM5,98.7,74.3,817665,407453,0.0,FIRST_OF_PAIR,276374421.0,2764942.0,9466708.0,6226334.0,0.0,2776641.0,24095548.0,63452336.0,Unknown Library,56.644819,0.79299,0.585559,0.761067,0.423008,668082,0,0.0,0.004495,0.550869,0.498944,0.048027,0.126473,0.82051,1.0,0.992802,0.99544,0.005065,0.812885,0.269641,0.26167,501706555.0,506412469.0,238184067.0,234515884.0,4207287.0,0.001764,0.0,9.6e-05,0.001845,0.0,4476480.0,4444260.0,1538486.0,0.0,5962479.0,4423993.0,4627797.0,4567029.0,2540960.0,0.500343,0,4476480.0,99935.0,69591.0,99954.0,135280657.0,0.9736761632125742
lib68832_AAAM5GYM5,98.7,73.4,836118,397837,0.0,FIRST_OF_PAIR,270726995.0,2858356.0,9787847.0,6690110.0,0.0,2845316.0,26719985.0,81012340.0,Unknown Library,56.697255,0.836126,0.571109,0.705038,0.411598,824149,0,0.0,0.005479,0.508419,0.501143,0.050179,0.152139,0.792522,1.0,0.993002,0.994879,0.005239,0.785479,0.284103,0.268871,532488461.0,537262494.0,253626154.0,249694702.0,4474844.0,0.001753,0.0,9.9e-05,0.001823,0.0,4746112.0,4712901.0,1693703.0,0.0,6382467.0,4688764.0,4910032.0,4844954.0,2789746.0,0.500174,0,4746112.0,108879.0,73992.0,108898.0,151281603.0,0.9702927156653628
lib68833_AAAM5GYM5,98.5,74.9,517562,275778,0.0,FIRST_OF_PAIR,186626262.0,1979479.0,7302650.0,4430371.0,0.0,1981386.0,14382545.0,50843786.0,Unknown Library,56.576445,0.834375,0.549673,0.677766,0.424788,495171,0,0.0,0.005673,0.517508,0.499759,0.039882,0.140988,0.813888,1.0,0.991787,0.993414,0.005317,0.806383,0.29638,0.242244,360625162.0,363981274.0,171886505.0,168855899.0,3035856.0,0.001775,0.0,0.000103,0.001836,0.0,3223796.0,3197319.0,992345.0,0.0,4168607.0,3176262.0,3320142.0,3270815.0,1917521.0,0.499885,0,3223796.0,86267.0,55851.0,86282.0,106882079.0,0.9603911275150546
lib68834_AAAM5GYM5,98.5,74.9,728409,390970,0.0,FIRST_OF_PAIR,272899018.0,2818208.0,9728547.0,6113512.0,0.0,2817877.0,18740095.0,60714394.0,Unknown Library,56.676952,0.843714,0.571574,0.678302,0.413277,595531,0,0.0,0.005791,0.548962,0.500029,0.037697,0.122133,0.835126,1.0,0.992714,0.994334,0.005119,0.827579,0.286164,0.251487,497118227.0,501651882.0,237184822.0,233345114.0,4185120.0,0.001778,0.0,0.000101,0.001846,0.0,4435899.0,4403580.0,1438879.0,0.0,5817507.0,4378628.0,4578898.0,4511218.0,2544764.0,0.499832,0,4435899.0,111527.0,76344.0,111544.0,142257536.0,0.9698273267477024
lib68835_AAAM5GYM5,98.5,75.1,740931,370539,0.0,FIRST_OF_PAIR,255143960.0,2634294.0,8846623.0,5524531.0,0.0,2637299.0,10774328.0,45113137.0,Unknown Library,56.645174,0.840272,0.578236,0.67746,0.4138,405950,0,0.0,0.004651,0.568776,0.499715,0.024019,0.100568,0.870634,1.0,0.992363,0.994306,0.004851,0.862684,0.301858,0.249852,448584287.0,452718139.0,212632591.0,209047713.0,3752689.0,0.001687,0.0,9.7e-05,0.001726,0.0,4005362.0,3974775.0,1284417.0,0.0,5236558.0,3952141.0,4150911.0,4086784.0,2176206.0,0.500278,0,4005362.0,106373.0,74472.0,106388.0,135408629.0,0.9671311465172338
lib68836_AAAM5GYM5,98.4,73.9,728158,382723,0.0,FIRST_OF_PAIR,255761354.0,2618786.0,8305920.0,5548815.0,0.0,2616877.0,9005705.0,41749060.0,Unknown Library,56.663989,0.823242,0.584027,0.732275,0.420466,365323,0,0.0,0.004014,0.578734,0.500182,0.020378,0.094469,0.88098,1.0,0.992526,0.994345,0.004234,0.872475,0.302246,0.263652,441932517.0,446240776.0,209420146.0,206020380.0,3696947.0,0.001651,0.0,9.4e-05,0.001688,0.0,3947128.0,3917626.0,1362110.0,0.0,5257581.0,3895471.0,4100323.0,4034546.0,1871294.0,0.500267,0,3947128.0,106809.0,76288.0,106832.0,133572456.0,0.9667673187878854
lib68837_AAAM5GYM5,98.7,73.2,968164,346243,0.0,FIRST_OF_PAIR,233454927.0,2502332.0,8431689.0,5971775.0,0.0,2494257.0,18743673.0,74027146.0,Unknown Library,56.653316,0.846916,0.569837,0.679965,0.412404,695554,0,0.0,0.005111,0.49804,0.500808,0.039987,0.157925,0.796156,1.0,0.992627,0.994831,0.006029,0.788544,0.298116,0.275835,468747286.0,473272083.0,220793310.0,217295623.0,3898875.0,0.001736,0.0,0.000106,0.001784,0.0,4184247.0,4153396.0,1546288.0,0.0,5678215.0,4131927.0,4369902.0,4313445.0,2826000.0,0.500521,0,4184247.0,98352.0,67063.0,98370.0,139740835.0,0.9673145756496184
lib68838_AAAM5GYM5,98.3,73.5,677933,394480,0.0,FIRST_OF_PAIR,258403285.0,2640977.0,8275742.0,5627109.0,0.0,2641816.0,9444929.0,41332327.0,Unknown Library,56.677849,0.816902,0.591519,0.735926,0.418699,366238,0,0.0,0.004238,0.579337,0.499921,0.021175,0.092667,0.881645,1.0,0.992482,0.994359,0.004573,0.873127,0.302308,0.267475,446032789.0,450383868.0,212100526.0,208694447.0,3743487.0,0.001706,0.0,9.6e-05,0.001753,0.0,3983442.0,3953495.0,1401750.0,0.0,5332943.0,3931193.0,4133135.0,4064470.0,2039857.0,0.500144,0,3983442.0,109574.0,78668.0,109584.0,134839233.0,0.9671977208900698
lib68839_AAAM5GYM5,98.4,74.6,622392,370118,0.0,FIRST_OF_PAIR,244864039.0,2537826.0,8255253.0,5256006.0,0.0,2535966.0,8986089.0,37340366.0,Unknown Library,56.693619,0.839184,0.579114,0.703695,0.421341,333320,0,0.0,0.004337,0.57706,0.500183,0.021177,0.087998,0.886366,1.0,0.992743,0.994258,0.00452,0.877749,0.309306,0.253685,424330359.0,428496079.0,201873329.0,198634423.0,3563198.0,0.001722,0.0,9.5e-05,0.00177,0.0,3788400.0,3760908.0,1240554.0,0.0,4979865.0,3739311.0,3918732.0,3856309.0,1917778.0,0.5,0,3788400.0,100773.0,71096.0,100790.0,131247823.0,0.966637975679632
lib68840_AAAM5GYM5,98.6,71.9,894594,433464,0.0,FIRST_OF_PAIR,286988304.0,3036850.0,9439270.0,7095120.0,0.0,3042918.0,17353339.0,76403578.0,Unknown Library,56.676086,0.842715,0.573081,0.697491,0.416828,702844,0,0.0,0.005139,0.521589,0.499501,0.031539,0.13886,0.824348,1.0,0.992602,0.995457,0.005327,0.816964,0.302759,0.290886,550219480.0,555192612.0,261666099.0,257644558.0,4616931.0,0.001679,0.0,0.000104,0.001724,0.0,4905436.0,4869148.0,1954062.0,0.0,6801089.0,4847027.0,5098210.0,5026501.0,2930792.0,0.500185,0,4905436.0,114347.0,81821.0,114364.0,166583822.0,0.9746773838920272
lib68841_AAAM5GYM5,98.4,75.2,622026,347949,0.0,FIRST_OF_PAIR,235250831.0,2492979.0,9216638.0,5457212.0,0.0,2492815.0,18149712.0,56843559.0,Unknown Library,56.676302,0.842264,0.557494,0.678165,0.412553,564315,0,0.0,0.005987,0.528291,0.500016,0.040758,0.127651,0.826651,1.0,0.99279,0.992926,0.00501,0.819145,0.29836,0.236837,445305342.0,449386229.0,212792487.0,209225477.0,3754427.0,0.001756,0.0,0.000104,0.001811,0.0,3977330.0,3948653.0,1185980.0,0.0,5106701.0,3920721.0,4102287.0,4037442.0,2230915.0,0.499968,0,3977330.0,110851.0,73213.0,110869.0,132861451.0,0.9560871008859468
lib68842_AAAM5GYM5,98.2,75.3,585579,325671,0.0,FIRST_OF_PAIR,223957428.0,2339071.0,8294671.0,4998869.0,0.0,2337941.0,13007153.0,47143416.0,Unknown Library,56.724731,0.835415,0.570991,0.675719,0.418264,444855,0,0.0,0.006465,0.551012,0.500121,0.032002,0.115989,0.846452,1.0,0.993266,0.991522,0.005639,0.838031,0.295441,0.241397,406447746.0,410532011.0,194438872.0,191281336.0,3430846.0,0.001749,0.0,9.9e-05,0.001802,0.0,3636085.0,3611599.0,1106687.0,0.0,4687667.0,3580980.0,3765425.0,3696133.0,2291812.0,0.500141,0,3636085.0,117072.0,78065.0,117085.0,120081164.0,0.9611678161600153
lib68843_AAAM5GYM5,98.6,73.6,957463,443894,0.0,FIRST_OF_PAIR,311658741.0,3196937.0,10363023.0,7083702.0,0.0,3189426.0,18735623.0,68095790.0,Unknown Library,56.673664,0.82539,0.580547,0.712123,0.410011,648645,0,0.0,0.004194,0.552754,0.500588,0.033229,0.120774,0.842236,1.0,0.992722,0.995111,0.003817,0.834898,0.289482,0.269388,563828896.0,568784678.0,267324250.0,263067489.0,4715983.0,0.001628,0.0,9.5e-05,0.001676,0.0,5026727.0,4990143.0,1794566.0,0.0,6760312.0,4965746.0,5215299.0,5141226.0,2152314.0,0.500478,0,5026727.0,120506.0,85624.0,120518.0,163218272.0,0.9713607376481959
lib68844_AAAM5GYM5,98.6,75.2,769310,379952,0.0,FIRST_OF_PAIR,264610958.0,2653569.0,8717765.0,5537857.0,0.0,2643423.0,12261616.0,43481704.0,Unknown Library,56.650969,0.845805,0.581771,0.692907,0.424815,407953,0,0.0,0.003857,0.587193,0.500958,0.02721,0.096489,0.872494,1.0,0.992443,0.995202,0.003864,0.864434,0.2853,0.254918,450636773.0,454838327.0,213148907.0,209711459.0,3762851.0,0.001643,0.0,8.9e-05,0.001696,0.0,4020933.0,3990547.0,1328861.0,0.0,5300262.0,3971401.0,4166500.0,4106568.0,1741244.0,0.500374,0,4020933.0,97387.0,69374.0,97399.0,128566885.0,0.974684070029255
lib68845_AAAM5GYM5,98.6,73.0,1054930,380637,0.0,FIRST_OF_PAIR,260271801.0,2781124.0,9492983.0,6777347.0,0.0,2784174.0,22661855.0,91506247.0,Unknown Library,56.654683,0.860253,0.568407,0.667591,0.409549,865524,0,0.0,0.005218,0.490017,0.499726,0.042666,0.17228,0.779912,1.0,0.992602,0.994539,0.005223,0.772522,0.289895,0.277968,531148427.0,536229351.0,250937550.0,247024987.0,4430467.0,0.001696,0.0,0.000105,0.001752,0.0,4742249.0,4707167.0,1769397.0,0.0,6450860.0,4681463.0,4948208.0,4880086.0,2774081.0,0.500357,0,4742249.0,116614.0,79893.0,116632.0,153977347.0,0.9690358188831116
lib68846_AAAM5GYM5,99.1,75.2,416389,115179,0.0,FIRST_OF_PAIR,81688648.0,877710.0,5424992.0,2912986.0,0.0,875839.0,42032750.0,65666082.0,Unknown Library,56.570856,0.812531,0.568956,0.716544,0.399136,872466,0,0.0,0.006522,0.341179,0.500533,0.175553,0.27426,0.54401,1.0,0.992903,0.992714,0.006267,0.538656,0.202831,0.21293,239430453.0,241810595.0,113833004.0,112030766.0,2013733.0,0.002016,0.0,0.000121,0.002186,0.0,2141921.0,2126720.0,562920.0,0.0,2674144.0,2111224.0,2189453.0,2169545.0,1500575.0,0.499978,0,2141921.0,45840.0,22736.0,45870.0,48564026.0,0.9337545734857634
lib68847_AAAM5GYM5,98.8,73.3,727663,238257,0.0,FIRST_OF_PAIR,171401212.0,1835499.0,8342921.0,5344200.0,0.0,1833240.0,56545904.0,96329505.0,Unknown Library,56.589131,0.846269,0.572889,0.6846,0.383906,1228214,0,0.0,0.004598,0.401804,0.500308,0.132557,0.225819,0.636369,1.0,0.992685,0.993766,0.005334,0.630515,0.234565,0.250626,426578645.0,430539448.0,203061619.0,199907636.0,3588489.0,0.001876,0.0,0.000117,0.002003,0.0,3810812.0,3782935.0,1237519.0,0.0,4996871.0,3759352.0,3916507.0,3871281.0,2275204.0,0.500038,0,3810812.0,86251.0,51276.0,86284.0,100060323.0,0.9511535870663523
lib68848_AAAM5GYM5,98.7,75.2,861703,328027,0.0,FIRST_OF_PAIR,231905111.0,2497398.0,10552069.0,6410377.0,0.0,2496453.0,47202480.0,105183832.0,Unknown Library,56.654744,0.859607,0.562755,0.680536,0.390121,1197167,0,0.0,0.004889,0.442963,0.500095,0.090162,0.200912,0.703223,1.0,0.993136,0.993129,0.005784,0.697151,0.260261,0.242843,523532134.0,528091994.0,249688962.0,245735955.0,4406736.0,0.00181,0.0,0.000109,0.001911,0.0,4673840.0,4641757.0,1449573.0,0.0,6059436.0,4609863.0,4820609.0,4757312.0,3027907.0,0.500147,0,4673840.0,116004.0,72013.0,116031.0,136254915.0,0.9633547293708311
lib68849_AAAM5GYM5,98.9,75.5,840702,222929,0.0,FIRST_OF_PAIR,160004352.0,1725609.0,10461499.0,5903470.0,0.0,1726123.0,90049834.0,139134684.0,Unknown Library,56.577305,0.844338,0.556449,0.672423,0.39477,1852981,0,0.0,0.005286,0.328835,0.499926,0.185067,0.285944,0.522549,1.0,0.992611,0.992371,0.006562,0.517798,0.193714,0.225665,486579742.0,491043635.0,232205586.0,228296532.0,4103565.0,0.00195,0.0,0.000114,0.002087,0.0,4350731.0,4318585.0,1228131.0,0.0,5513769.0,4285638.0,4457950.0,4408949.0,3193035.0,0.499841,0,4350731.0,103408.0,55613.0,103462.0,94257299.0,0.9515134319307119
lib68850_AAAM5GYM5,98.8,75.0,762929,228932,0.0,FIRST_OF_PAIR,159922030.0,1733371.0,9551483.0,5490986.0,0.0,1731520.0,73097586.0,116968473.0,Unknown Library,56.624917,0.836176,0.553555,0.669183,0.39511,1527501,0,0.0,0.005616,0.356323,0.500267,0.162869,0.260618,0.569248,1.0,0.992954,0.991941,0.007402,0.56374,0.212925,0.228437,448811681.0,453196749.0,214353374.0,210916232.0,3787844.0,0.001929,0.0,0.000116,0.002065,0.0,4014348.0,3986064.0,1150074.0,0.0,5104015.0,3953941.0,4116125.0,4068031.0,3322090.0,0.499798,0,4014348.0,99450.0,54476.0,99496.0,95563091.0,0.9476460147594622
lib68851_AAAM5GYM5,98.5,73.6,909066,428922,0.0,FIRST_OF_PAIR,294863341.0,3085309.0,10732563.0,7236691.0,0.0,3083133.0,31426118.0,84575828.0,Unknown Library,56.627296,0.836243,0.583048,0.702573,0.402768,884214,0,0.0,0.005939,0.511663,0.500176,0.054532,0.146761,0.793664,1.0,0.992377,0.994415,0.005117,0.786819,0.282001,0.265539,576283965.0,581297413.0,274788464.0,270273829.0,4848987.0,0.001781,0.0,0.000107,0.001839,0.0,5143871.0,5104661.0,1797978.0,0.0,6874131.0,5076153.0,5325290.0,5246604.0,2948986.0,0.500134,0,5143871.0,130516.0,89408.0,130542.0,162512662.0,0.9679386614683424
lib68852_AAAM5GYM5,98.7,73.2,1046621,387752,0.0,FIRST_OF_PAIR,271005507.0,2855249.0,11107051.0,7559858.0,0.0,2850560.0,62009432.0,113216019.0,Unknown Library,56.641755,0.825315,0.569292,0.691618,0.392768,1378088,0,0.0,0.00488,0.451482,0.500411,0.103305,0.188612,0.703197,1.0,0.992706,0.994458,0.004966,0.697357,0.251715,0.266675,600257781.0,605284986.0,285857413.0,281352118.0,5043191.0,0.001809,0.0,0.000112,0.001892,0.0,5353073.0,5314026.0,1888964.0,0.0,7173539.0,5284575.0,5531309.0,5460141.0,2980792.0,0.500073,0,5353073.0,124397.0,81258.0,124432.0,151093993.0,0.9653582117547711
lib68853_AAAM5GYM5,98.8,74.0,1132139,304387,0.0,FIRST_OF_PAIR,213683714.0,2255070.0,10809130.0,6956848.0,0.0,2249757.0,87029452.0,133642236.0,Unknown Library,56.61569,0.827773,0.574781,0.702679,0.400231,1753027,0,0.0,0.005082,0.382131,0.50059,0.155635,0.238993,0.598753,1.0,0.992541,0.993751,0.006736,0.593608,0.216622,0.253811,559188996.0,564036029.0,265624193.0,261405191.0,4688910.0,0.001883,0.0,0.000114,0.001982,0.0,4991246.0,4954017.0,1646758.0,0.0,6569819.0,4923061.0,5150219.0,5088331.0,3766599.0,0.50031,0,4991246.0,116574.0,71068.0,116618.0,121132426.0,0.9611302417416623
lib68854_AAAM5GYM5,98.8,74.6,780299,327437,0.0,FIRST_OF_PAIR,228240776.0,2375345.0,9833575.0,6024936.0,0.0,2369755.0,49630559.0,84855714.0,Unknown Library,56.599477,0.838595,0.558505,0.684241,0.39479,1063630,0,0.0,0.00469,0.46573,0.500589,0.101272,0.17315,0.720415,1.0,0.992534,0.994497,0.005243,0.714139,0.254685,0.243865,490071228.0,494378110.0,233324152.0,229552796.0,4120766.0,0.001852,0.0,0.000111,0.001947,0.0,4373788.0,4341134.0,1367444.0,0.0,5684689.0,4317245.0,4492828.0,4438596.0,2569449.0,0.499676,0,4373788.0,97336.0,61446.0,97365.0,124813760.0,0.9596872066358879
lib68855_AAAM5GYM5,98.7,74.1,918596,350999,0.0,FIRST_OF_PAIR,248771118.0,2570470.0,10129456.0,6446646.0,0.0,2569544.0,50638118.0,84917573.0,Unknown Library,56.613033,0.816069,0.563979,0.722122,0.403434,1065192,0,0.0,0.004126,0.479563,0.50009,0.097617,0.163698,0.733691,1.0,0.99274,0.99448,0.005076,0.727013,0.254128,0.251702,518744937.0,523509810.0,246217087.0,242350146.0,4349338.0,0.001791,0.0,0.000105,0.001876,0.0,4631807.0,4598181.0,1509444.0,0.0,6082245.0,4572801.0,4777756.0,4716900.0,2633277.0,0.500354,0,4631807.0,107193.0,69931.0,107240.0,131827559.0,0.960109334373254
lib68856_AAAM5GYM5,98.6,73.3,933931,354953,0.0,FIRST_OF_PAIR,245177067.0,2592578.0,10046861.0,6717684.0,0.0,2592282.0,47549768.0,97384347.0,Unknown Library,56.661248,0.837278,0.56898,0.689354,0.402184,1129817,0,0.0,0.005704,0.459622,0.500029,0.089139,0.182562,0.722694,1.0,0.992823,0.993615,0.005692,0.716023,0.263071,0.261889,533431480.0,538401361.0,253881824.0,249829294.0,4481546.0,0.001798,0.0,0.00011,0.00188,0.0,4762860.0,4728676.0,1635732.0,0.0,6334217.0,4698485.0,4926712.0,4858859.0,3036072.0,0.499758,0,4762860.0,120069.0,77710.0,120102.0,140330459.0,0.9607952681310999
lib68857_AAAM5GYM5,98.6,74.4,1031353,381153,0.0,FIRST_OF_PAIR,268783648.0,2814972.0,12026723.0,7431513.0,0.0,2819765.0,67493647.0,113431561.0,Unknown Library,56.643785,0.819654,0.554307,0.682832,0.399922,1426302,0,0.0,0.005369,0.44758,0.499575,0.112391,0.188887,0.69332,1.0,0.992787,0.993273,0.005495,0.68717,0.245741,0.244895,600526988.0,605901792.0,286290681.0,281582197.0,5052941.0,0.001821,0.0,0.000112,0.001904,0.0,5363777.0,5325087.0,1679601.0,0.0,6968867.0,5289266.0,5529782.0,5452292.0,3300151.0,0.500251,0,5363777.0,138161.0,87919.0,138192.0,147574012.0,0.9563407882082693
lib68858_AAAM5GYM5,98.7,73.7,1032734,360712,0.0,FIRST_OF_PAIR,255604460.0,2653148.0,10698880.0,6963754.0,0.0,2649285.0,61015334.0,100158031.0,Unknown Library,56.63436,0.841994,0.561814,0.687312,0.400719,1265978,0,0.0,0.004999,0.459057,0.500364,0.109582,0.179881,0.703891,1.0,0.992416,0.994304,0.006772,0.697297,0.244833,0.256056,556802923.0,562067958.0,264430455.0,260188180.0,4669446.0,0.001819,0.0,0.000111,0.001903,0.0,4970974.0,4933275.0,1657164.0,0.0,6562337.0,4905173.0,5129995.0,5063311.0,3770410.0,0.500353,0,4970974.0,117910.0,76527.0,117940.0,136323951.0,0.9592925022911493
lib68859_AAAM5GYM5,98.4,74.9,757263,439679,0.0,FIRST_OF_PAIR,303954439.0,3085953.0,9800075.0,6288176.0,0.0,3084022.0,8201225.0,44036431.0,Unknown Library,56.67209,0.847784,0.580738,0.691599,0.414132,371512,0,0.0,0.005439,0.596543,0.500156,0.016096,0.086426,0.893029,1.0,0.992611,0.994686,0.004501,0.885332,0.296486,0.25663,509526177.0,513955858.0,242690862.0,238800339.0,4280617.0,0.001679,0.0,8.9e-05,0.001732,0.0,4544492.0,4510915.0,1512749.0,0.0,5999695.0,4486946.0,4708690.0,4634851.0,2293144.0,0.500235,0,4544492.0,117578.0,84077.0,117589.0,151067279.0,0.9728232797555285
lib68860_AAAM5GYM5,98.4,75.1,556605,331984,0.0,FIRST_OF_PAIR,224525688.0,2280869.0,7304651.0,4581819.0,0.0,2280772.0,5652251.0,29815595.0,Unknown Library,56.641824,0.855004,0.592486,0.709099,0.421194,248797,0,0.0,0.005512,0.602556,0.500011,0.015169,0.080016,0.900277,1.0,0.992033,0.994343,0.004593,0.89219,0.297721,0.251273,372622258.0,375999763.0,177232459.0,174274571.0,3127282.0,0.00171,0.0,8.6e-05,0.001764,0.0,3326533.0,3300031.0,1075216.0,0.0,4356578.0,3281362.0,3442590.0,3389166.0,1711310.0,0.500124,0,3326533.0,87841.0,61022.0,87849.0,110937463.0,0.9700136561483551
lib68861_AAAM5GYM5,98.5,74.2,900471,422425,0.0,FIRST_OF_PAIR,289066189.0,3058620.0,10586134.0,7001046.0,0.0,3051693.0,25608255.0,83110755.0,Unknown Library,56.619136,0.857011,0.563844,0.678606,0.404471,819753,0,0.0,0.00607,0.514293,0.500567,0.045561,0.147867,0.802306,1.0,0.992191,0.994587,0.004322,0.795493,0.288013,0.262153,562065077.0,566879035.0,267456988.0,263029092.0,4719216.0,0.001756,0.0,9.5e-05,0.001823,0.0,5015306.0,4976139.0,1722235.0,0.0,6671439.0,4949204.0,5194596.0,5118438.0,2429094.0,0.500154,0,5015306.0,125759.0,86384.0,125785.0,161882139.0,0.9708869217542636
lib68862_AAAM5GYM5,98.5,74.8,847825,420682,0.0,FIRST_OF_PAIR,292670958.0,3076587.0,10688634.0,6817882.0,0.0,3071706.0,21790073.0,74669857.0,Unknown Library,56.584596,0.842653,0.574854,0.692352,0.402251,723317,0,0.0,0.006074,0.530368,0.500397,0.039487,0.135314,0.820637,1.0,0.991925,0.994179,0.004622,0.813672,0.29027,0.254503,551826626.0,556550560.0,263006140.0,258378571.0,4641980.0,0.001811,0.0,9.6e-05,0.001886,0.0,4928141.0,4888348.0,1621479.0,0.0,6481371.0,4859892.0,5101099.0,5022087.0,2550437.0,0.499511,0,4928141.0,130137.0,89229.0,130155.0,160178497.0,0.9697331223978356
lib68863_AAAM5GYM5,98.4,74.6,818578,453857,0.0,FIRST_OF_PAIR,316769274.0,3223887.0,10327896.0,6681694.0,0.0,3222754.0,10626962.0,51127976.0,Unknown Library,56.648828,0.842028,0.589619,0.691148,0.408426,446149,0,0.0,0.005612,0.587588,0.500088,0.019712,0.094839,0.880419,1.0,0.99236,0.994568,0.005095,0.872518,0.292831,0.257969,539100730.0,543982828.0,256917499.0,252697910.0,4533517.0,0.001669,0.0,9.3e-05,0.001724,0.0,4812203.0,4775437.0,1611937.0,0.0,6361434.0,4749497.0,4985791.0,4905187.0,2746699.0,0.500587,0,4812203.0,127523.0,91132.0,127543.0,157865363.0,0.9711574639604866
lib68864_AAAM5GYM5,98.5,77.0,536305,323129,0.0,FIRST_OF_PAIR,218634658.0,2200049.0,7580687.0,4274342.0,0.0,2196940.0,5692701.0,25220172.0,Unknown Library,56.668122,0.831694,0.588758,0.703775,0.425814,214054,0,0.0,0.005416,0.612661,0.500354,0.015952,0.070672,0.908857,1.0,0.992669,0.993939,0.004576,0.900294,0.296196,0.230492,356860768.0,360255018.0,169623980.0,166830021.0,2994511.0,0.001658,0.0,8.7e-05,0.001708,0.0,3186899.0,3163535.0,917198.0,0.0,4061558.0,3144360.0,3292120.0,3241912.0,1632896.0,0.500308,0,3186899.0,83709.0,57216.0,83715.0,105700691.0,0.9698037733059264
lib68865_AAAM5GYM5,98.8,72.5,1083921,277240,0.0,FIRST_OF_PAIR,199103098.0,2189885.0,9961355.0,6584376.0,0.0,2187261.0,70635753.0,119701328.0,Unknown Library,56.543624,0.841842,0.571139,0.67567,0.37779,1507534,0,0.0,0.006652,0.385812,0.5003,0.136874,0.231951,0.625045,1.0,0.992331,0.993305,0.006228,0.618186,0.239233,0.255077,516062821.0,521789067.0,244212160.0,240361317.0,4323978.0,0.002049,0.0,0.00012,0.002242,0.0,4623200.0,4587745.0,1534475.0,0.0,6091507.0,4557032.0,4776118.0,4717903.0,3214097.0,0.50055,0,4623200.0,112406.0,67352.0,112483.0,123459348.0,0.9422289978579595
lib68866_AAAM5GYM5,98.6,74.1,1184708,440059,0.0,FIRST_OF_PAIR,313079610.0,3133826.0,11529967.0,7710200.0,0.0,3124558.0,53136279.0,98353707.0,Unknown Library,56.619625,0.829814,0.568601,0.698884,0.40747,1173650,0,0.0,0.005377,0.507413,0.50074,0.086119,0.159403,0.749668,1.0,0.992573,0.994748,0.004885,0.742788,0.242255,0.264499,617011758.0,622726718.0,292522601.0,287979303.0,5166429.0,0.001835,0.0,9.5e-05,0.00195,0.0,5509155.0,5468237.0,1919225.0,0.0,7358742.0,5439517.0,5712445.0,5634658.0,3013990.0,0.500013,0,5509155.0,130864.0,88930.0,130906.0,149474380.0,0.9713947757516018
lib68867_AAAM5GYM5,98.5,75.4,743067,404636,0.0,FIRST_OF_PAIR,280087200.0,2843781.0,9200640.0,5747303.0,0.0,2837495.0,7958986.0,40810106.0,Unknown Library,56.657297,0.845931,0.582492,0.699015,0.415592,347209,0,0.0,0.004891,0.597848,0.500553,0.016989,0.08711,0.891985,1.0,0.992405,0.994471,0.003962,0.884378,0.294136,0.250665,468491981.0,472521703.0,222317072.0,218682821.0,3920784.0,0.001705,0.0,8.9e-05,0.001766,0.0,4178698.0,4146961.0,1346942.0,0.0,5470974.0,4124032.0,4333777.0,4268015.0,1856289.0,0.500527,0,4178698.0,108382.0,76052.0,108395.0,137800505.0,0.9707803816851138
lib68868_AAAM5GYM5,98.3,76.5,448327,289485,0.0,FIRST_OF_PAIR,198645014.0,1975668.0,6406187.0,3701675.0,0.0,1971491.0,3094606.0,13392650.0,Unknown Library,56.643051,0.836456,0.589418,0.723339,0.423323,104485,0,0.0,0.003849,0.648265,0.500529,0.010099,0.043706,0.942891,1.0,0.992321,0.993665,0.003344,0.934383,0.294626,0.23488,306425679.0,309215772.0,145537498.0,143049422.0,2568189.0,0.00168,0.0,8.1e-05,0.001735,0.0,2737104.0,2716085.0,805037.0,0.0,3503915.0,2698878.0,2830369.0,2783192.0,1024694.0,0.499786,0,2737104.0,77784.0,54196.0,77793.0,90280913.0,0.9675911580568256
lib68869_AAAM5GYM5,98.5,72.3,1013164,437033,0.0,FIRST_OF_PAIR,305263142.0,3178704.0,9357749.0,6966550.0,0.0,3174997.0,10828473.0,55106388.0,Unknown Library,56.652979,0.862128,0.558859,0.658424,0.408157,475105,0,0.0,0.005094,0.565596,0.500292,0.020063,0.102102,0.871912,1.0,0.992388,0.995166,0.006002,0.863982,0.306316,0.287846,539719036.0,544672952.0,254954465.0,250969249.0,4498978.0,0.00168,0.0,9.7e-05,0.001731,0.0,4815314.0,4778658.0,1885377.0,0.0,6640935.0,4755558.0,5035565.0,4961379.0,3239513.0,0.500028,0,4815314.0,120058.0,86945.0,120073.0,165324506.0,0.9704958695480547
lib68870_AAAM5GYM5,98.4,75.7,523374,312461,0.0,FIRST_OF_PAIR,214870726.0,2151741.0,6937948.0,4195156.0,0.0,2151447.0,4508904.0,21744719.0,Unknown Library,56.693726,0.828375,0.602638,0.724623,0.427236,178207,0,0.0,0.004976,0.625254,0.500034,0.01312,0.063275,0.919133,1.0,0.992752,0.993591,0.004525,0.910741,0.293879,0.243726,343653666.0,346820014.0,163270023.0,160638931.0,2879841.0,0.001694,0.0,8.6e-05,0.001751,0.0,3068027.0,3045789.0,949449.0,0.0,3975719.0,3026270.0,3177578.0,3125206.0,1555140.0,0.500226,0,3068027.0,86504.0,60158.0,86514.0,100992612.0,0.9683151234423703
lib68871_AAAM5GYM5,98.4,74.9,737033,418949,0.0,FIRST_OF_PAIR,288895845.0,2991815.0,9830049.0,6224737.0,0.0,2982274.0,10097397.0,52292154.0,Unknown Library,56.650561,0.857402,0.579974,0.687622,0.411404,454328,0,0.0,0.005558,0.572685,0.500799,0.020016,0.10366,0.871528,1.0,0.992461,0.994151,0.004858,0.863764,0.298843,0.253079,504458827.0,508993310.0,240579419.0,236579344.0,4244921.0,0.001787,0.0,9.4e-05,0.001858,0.0,4503247.0,4469298.0,1469374.0,0.0,5912530.0,4443156.0,4661872.0,4587234.0,2450763.0,0.50029,0,4503247.0,120874.0,84521.0,120883.0,150754132.0,0.9692639223151115
lib68872_AAAM5GYM5,98.3,72.5,1010587,526119,0.0,FIRST_OF_PAIR,362414689.0,3804210.0,11439619.0,8293004.0,0.0,3803585.0,13913916.0,68398134.0,Unknown Library,56.691205,0.858767,0.565122,0.659968,0.402473,605545,0,0.0,0.004971,0.560195,0.500041,0.021507,0.105725,0.867108,1.0,0.993133,0.994494,0.005735,0.858955,0.306913,0.282461,646943906.0,653084930.0,308791576.0,304048914.0,5449736.0,0.001748,0.0,0.0001,0.001819,0.0,5776777.0,5737110.0,2195280.0,0.0,7900804.0,5705524.0,6014429.0,5910396.0,3710000.0,0.500069,0,5776777.0,160586.0,118141.0,160612.0,198555713.0,0.972074292982374
lib68873_AAAM5GYM5,98.9,77.8,295057,137069,0.0,FIRST_OF_PAIR,102397564.0,1185508.0,5384413.0,2614320.0,0.0,1184840.0,9430114.0,37874842.0,Unknown Library,56.645529,0.873141,0.47062,0.556779,0.439565,363036,0,0.0,0.005055,0.458446,0.500141,0.04222,0.16957,0.782463,1.0,0.993151,0.992913,0.005816,0.77664,0.324017,0.199451,223357891.0,225032732.0,106706543.0,104854021.0,1881779.0,0.00172,0.0,0.000115,0.001782,0.0,1991437.0,1977798.0,479036.0,0.0,2442818.0,1963782.0,2034974.0,2012471.0,1299091.0,0.499868,0,1991437.0,45349.0,25422.0,45359.0,72371768.0,0.951749212032192
lib68874_AAAM5GYM5,98.4,73.7,827459,419456,0.0,FIRST_OF_PAIR,289144650.0,3105562.0,10729072.0,7135281.0,0.0,3097474.0,20538535.0,88778026.0,Unknown Library,56.705709,0.881431,0.569102,0.655932,0.405109,826294,0,0.0,0.006357,0.508446,0.500652,0.036116,0.156112,0.803403,1.0,0.992811,0.993274,0.004435,0.795952,0.294956,0.261895,568682647.0,574006112.0,271852372.0,267496707.0,4795003.0,0.001753,0.0,0.000103,0.001821,0.0,5076703.0,5040206.0,1736969.0,0.0,6743277.0,5006308.0,5256364.0,5171762.0,2521987.0,0.500028,0,5076703.0,140639.0,94957.0,140663.0,167736602.0,0.9647748981434648
lib68875_AAAM5GYM5,98.3,72.8,981951,510767,0.0,FIRST_OF_PAIR,346709970.0,3481241.0,9922267.0,7239999.0,0.0,3477577.0,8820943.0,38668465.0,Unknown Library,56.656233,0.844888,0.580792,0.689163,0.413268,322698,0,0.0,0.005389,0.613535,0.500263,0.015609,0.068427,0.911496,1.0,0.992316,0.995082,0.00452,0.903456,0.297961,0.284364,565102310.0,570130663.0,267414037.0,263131676.0,4716812.0,0.001734,0.0,9.9e-05,0.001771,0.0,5041667.0,5002929.0,1933709.0,0.0,6912034.0,4978325.0,5273582.0,5185551.0,2554102.0,0.500271,0,5041667.0,136979.0,102610.0,136998.0,168378260.0,0.9736233388982513
lib68876_AAAM5GYM5,98.3,74.3,614821,362069,0.0,FIRST_OF_PAIR,241523323.0,2402282.0,7222776.0,4762044.0,0.0,2399585.0,4664186.0,19795827.0,Unknown Library,56.660046,0.836842,0.589821,0.723336,0.428238,157779,0,0.0,0.004615,0.634832,0.500281,0.01226,0.052032,0.931699,1.0,0.992323,0.993965,0.004061,0.92282,0.296867,0.261147,380452354.0,384112827.0,180134230.0,177144101.0,3178977.0,0.00174,0.0,9.5e-05,0.001775,0.0,3398924.0,3372829.0,1153866.0,0.0,4506341.0,3352475.0,3539316.0,3477469.0,1544847.0,0.499818,0,3398924.0,99408.0,71870.0,99426.0,112943685.0,0.9671827895752328
lib68877_AAAM5GYM5,98.4,73.6,858649,486241,0.0,FIRST_OF_PAIR,332494943.0,3390482.0,10045626.0,6952119.0,0.0,3383767.0,8418443.0,39793517.0,Unknown Library,56.675757,0.851844,0.566059,0.675693,0.41249,334094,0,0.0,0.004669,0.603245,0.500496,0.015274,0.072197,0.907749,1.0,0.992582,0.995117,0.004836,0.899546,0.304504,0.272749,551177138.0,556203424.0,262024562.0,257933849.0,4622564.0,0.001721,0.0,0.000101,0.001762,0.0,4917017.0,4880542.0,1779555.0,0.0,6636264.0,4856709.0,5115056.0,5031231.0,2665285.0,0.499972,0,4917017.0,129552.0,96304.0,129566.0,167835503.0,0.9732039972273202
lib68878_AAAM5GYM5,98.3,74.2,591954,368382,0.0,FIRST_OF_PAIR,244331570.0,2458487.0,7365472.0,4882324.0,0.0,2457213.0,4780890.0,21365531.0,Unknown Library,56.669357,0.825115,0.587015,0.712526,0.419988,173149,0,0.0,0.005038,0.625072,0.50013,0.012231,0.054659,0.929141,1.0,0.99237,0.994626,0.004016,0.920513,0.304069,0.263042,390885587.0,394549148.0,185671744.0,182682299.0,3276170.0,0.001768,0.0,9.7e-05,0.001817,0.0,3489435.0,3462809.0,1198897.0,0.0,4643096.0,3444199.0,3621414.0,3560261.0,1569809.0,0.500274,0,3489435.0,96117.0,70150.0,96127.0,118856160.0,0.9706899828851997
lib68879_AAAM5GYM5,98.4,72.2,960094,510180,0.0,FIRST_OF_PAIR,348066064.0,3624280.0,10889227.0,8014158.0,0.0,3621974.0,18091338.0,68609005.0,Unknown Library,56.720963,0.844251,0.573241,0.696895,0.405479,637723,0,0.0,0.006337,0.557218,0.500159,0.028962,0.109836,0.856317,1.0,0.992918,0.99505,0.00495,0.848938,0.2991,0.286015,624650109.0,630079972.0,297866226.0,293407806.0,5250467.0,0.001705,0.0,9.6e-05,0.001759,0.0,5566539.0,5527116.0,2158929.0,0.0,7658686.0,5499757.0,5789865.0,5698200.0,3092305.0,0.500187,0,5566539.0,141884.0,103722.0,141906.0,186832610.0,0.9733514113397814
lib68880_AAAM5GYM5,98.5,73.9,884140,451843,0.0,FIRST_OF_PAIR,309268414.0,3236629.0,10912240.0,7292831.0,0.0,3233505.0,22926756.0,80239144.0,Unknown Library,56.641165,0.852069,0.584905,0.704046,0.404972,775746,0,0.0,0.006212,0.530141,0.500241,0.039301,0.137544,0.818486,1.0,0.99235,0.994512,0.004736,0.811385,0.288345,0.264278,583370123.0,588475709.0,278236192.0,273711876.0,4909216.0,0.001765,0.0,9.9e-05,0.001823,0.0,5205445.0,5165622.0,1806757.0,0.0,6944028.0,5137271.0,5389371.0,5308171.0,2762584.0,0.500346,0,5205445.0,132108.0,91717.0,132129.0,168211784.0,0.9702894527516132
lib68881_AAAM5GYM5,98.4,75.9,643640,322701,0.0,FIRST_OF_PAIR,222798690.0,2348760.0,8014894.0,4716912.0,0.0,2344172.0,6876379.0,31754303.0,Unknown Library,56.600059,0.841342,0.57892,0.696107,0.420131,268157,0,0.0,0.005771,0.578053,0.500489,0.017841,0.082387,0.894699,1.0,0.991727,0.993186,0.005136,0.886505,0.316646,0.236057,385429392.0,388991838.0,182375509.0,179112788.0,3218860.0,0.001796,0.0,9.3e-05,0.001868,0.0,3445947.0,3417437.0,1020020.0,0.0,4414171.0,3394151.0,3580201.0,3522638.0,1979462.0,0.500292,0,3445947.0,100134.0,67589.0,100142.0,122044694.0,0.9570483825010939
lib68882_AAAM5GYM5,98.2,77.2,317395,181559,0.0,FIRST_OF_PAIR,126027853.0,1293625.0,4660259.0,2461560.0,0.0,1289106.0,2761079.0,12477928.0,Unknown Library,56.689332,0.82917,0.600845,0.734337,0.442292,100036,0,0.0,0.005294,0.61613,0.500875,0.013498,0.061003,0.920331,1.0,0.992915,0.989244,0.005234,0.911053,0.304201,0.214715,204547564.0,206630481.0,97114993.0,95466253.0,1713883.0,0.001775,0.0,8.6e-05,0.001847,0.0,1832917.0,1819931.0,475170.0,0.0,2275525.0,1800355.0,1900892.0,1865977.0,1070575.0,0.50034,0,1832917.0,65347.0,40870.0,65350.0,62223561.0,0.9509721477437072
lib68883_AAAM5GYM5,98.5,74.7,795781,402838,0.0,FIRST_OF_PAIR,278673226.0,2874803.0,9282726.0,6082530.0,0.0,2865753.0,11081028.0,51827851.0,Unknown Library,56.622495,0.848034,0.566292,0.666976,0.419612,455801,0,0.0,0.006517,0.568368,0.500788,0.0226,0.105705,0.866152,1.0,0.99191,0.995042,0.005615,0.858543,0.297784,0.2608,490304527.0,494649894.0,232708432.0,228786116.0,4106349.0,0.001785,0.0,9.6e-05,0.001842,0.0,4374806.0,4339416.0,1491019.0,0.0,5808922.0,4317903.0,4542777.0,4476422.0,2752971.0,0.500232,0,4374806.0,108136.0,76107.0,108150.0,146005052.0,0.972797832480892
lib68884_AAAM5GYM5,98.5,74.3,786900,389440,0.0,FIRST_OF_PAIR,265232526.0,2737261.0,8628755.0,5772995.0,0.0,2729361.0,9172290.0,44554774.0,Unknown Library,56.66961,0.840965,0.596168,0.705348,0.420753,382974,0,0.0,0.006298,0.575066,0.500723,0.019887,0.096602,0.878167,1.0,0.99251,0.994517,0.005416,0.869912,0.303101,0.264654,461221034.0,465597949.0,218534680.0,214988826.0,3856886.0,0.001737,0.0,9.3e-05,0.001789,0.0,4117582.0,4086740.0,1430531.0,0.0,5494865.0,4064334.0,4289752.0,4224280.0,2497992.0,0.500706,0,4117582.0,107194.0,75790.0,107204.0,139796633.0,0.9703921448052527
lib68885_AAAM5GYM5,98.5,72.8,1029072,456088,0.0,FIRST_OF_PAIR,316420273.0,3331450.0,10777102.0,7695356.0,0.0,3327094.0,28211258.0,81784607.0,Unknown Library,56.674855,0.850266,0.567894,0.698102,0.406108,824654,0,0.0,0.006106,0.523558,0.500327,0.046679,0.135323,0.813153,1.0,0.992806,0.994551,0.004913,0.806088,0.289595,0.27874,604365461.0,609662242.0,287292958.0,282827369.0,5067485.0,0.001741,0.0,9.8e-05,0.001808,0.0,5390555.0,5351775.0,2016431.0,0.0,7339046.0,5322615.0,5605830.0,5520914.0,2969037.0,0.500436,0,5390555.0,137809.0,96932.0,137830.0,175021053.0,0.9716088508445873
lib68886_AAAM5GYM5,98.5,75.0,900947,432752,0.0,FIRST_OF_PAIR,305248959.0,3161153.0,10871340.0,6941428.0,0.0,3158361.0,24487252.0,71202296.0,Unknown Library,56.710194,0.835718,0.574295,0.701274,0.410753,714188,0,0.0,0.006035,0.542113,0.500221,0.043489,0.126453,0.825279,1.0,0.993266,0.994137,0.004843,0.818162,0.283166,0.255402,563072689.0,567970629.0,268266648.0,264062075.0,4731041.0,0.001751,0.0,9.5e-05,0.001824,0.0,5022031.0,4988213.0,1662577.0,0.0,6621543.0,4958966.0,5206163.0,5126569.0,2727237.0,0.499874,0,5022031.0,130020.0,90368.0,130039.0,159443139.0,0.9726502961638441
lib68887_AAAM5GYM5,98.4,74.3,859145,379547,0.0,FIRST_OF_PAIR,263735369.0,2702055.0,8318703.0,5677721.0,0.0,2696414.0,8762153.0,39778811.0,Unknown Library,56.641791,0.83535,0.583366,0.706037,0.419589,341171,0,0.0,0.006024,0.584643,0.500522,0.019424,0.088181,0.886637,1.0,0.992289,0.99428,0.005842,0.878213,0.301994,0.26916,451105341.0,455432411.0,212719700.0,209229544.0,3755081.0,0.001728,0.0,9e-05,0.001787,0.0,4030095.0,3999018.0,1431365.0,0.0,5407507.0,3976142.0,4217820.0,4152099.0,2635298.0,0.500292,0,4030095.0,109696.0,77773.0,109719.0,136231192.0,0.9717324961899325
lib68888_AAAM5GYM5,98.3,74.3,781184,367820,0.0,FIRST_OF_PAIR,259415604.0,2649545.0,8237145.0,5511886.0,0.0,2649719.0,8029314.0,38049407.0,Unknown Library,56.64243,0.845534,0.592048,0.707524,0.423886,322563,0,0.0,0.006113,0.590712,0.499984,0.018283,0.086642,0.889096,1.0,0.992313,0.993717,0.006063,0.88071,0.298384,0.264247,439157402.0,443339031.0,207737116.0,204244859.0,3666671.0,0.001735,0.0,8.9e-05,0.001797,0.0,3924055.0,3893889.0,1356324.0,0.0,5225749.0,3869425.0,4096704.0,4029091.0,2662671.0,0.500281,0,3924055.0,112319.0,78817.0,112331.0,131037396.0,0.9684670546524365
lib68889_AAAM5GYM5,98.4,73.1,870250,491739,0.0,FIRST_OF_PAIR,335766921.0,3500484.0,10849507.0,7523326.0,0.0,3499433.0,12013970.0,64042247.0,Unknown Library,56.681344,0.845196,0.584055,0.701113,0.41384,551260,0,0.0,0.005869,0.563956,0.500075,0.020179,0.107566,0.867578,1.0,0.992504,0.994889,0.004743,0.85995,0.303622,0.27221,595377604.0,600659308.0,284287655.0,279829146.0,5013851.0,0.001732,0.0,9.3e-05,0.001801,0.0,5308894.0,5269098.0,1918978.0,0.0,7161147.0,5242169.0,5500397.0,5413595.0,2823844.0,0.50032,0,5308894.0,135889.0,97708.0,135906.0,180769765.0,0.9699238076350806
lib68890_AAAM5GYM5,98.0,73.4,828636,422751,0.0,FIRST_OF_PAIR,290203615.0,2928252.0,8894258.0,6239056.0,0.0,2921671.0,9261130.0,45261869.0,Unknown Library,56.716053,0.831652,0.604792,0.730341,0.430206,388278,0,0.0,0.005784,0.593476,0.500562,0.018939,0.092562,0.883276,1.0,0.99321,0.992714,0.005299,0.874219,0.289799,0.274521,488989489.0,494055406.0,232555302.0,228934766.0,4104589.0,0.00176,0.0,8.7e-05,0.001825,0.0,4374057.0,4344359.0,1587460.0,0.0,5900165.0,4312705.0,4578636.0,4487945.0,2591382.0,0.500588,0,4374057.0,144219.0,104118.0,144239.0,141708862.0,0.968801049389523
lib68891_AAAM5GYM5,98.5,72.7,1144625,530683,0.0,FIRST_OF_PAIR,374099608.0,3762565.0,11538394.0,8453737.0,0.0,3766370.0,26029167.0,76134548.0,Unknown Library,56.597752,0.829868,0.578246,0.711918,0.414912,757766,0,0.0,0.006278,0.565938,0.499747,0.039377,0.115176,0.840516,1.0,0.991865,0.995492,0.005004,0.833176,0.274578,0.285777,661025950.0,666849498.0,313941999.0,308848073.0,5541386.0,0.001777,0.0,8.9e-05,0.001849,0.0,5899132.0,5851144.0,2284719.0,0.0,8109488.0,5824769.0,6146024.0,6051541.0,3307877.0,0.49982,0,5899132.0,147261.0,107660.0,147287.0,181503218.0,0.9767011914375855
lib68892_AAAM5GYM5,98.5,73.7,1024284,493373,0.0,FIRST_OF_PAIR,343270473.0,3572971.0,11452174.0,7909267.0,0.0,3563830.0,22533332.0,75505478.0,Unknown Library,56.628089,0.841368,0.574001,0.69511,0.410076,725706,0,0.0,0.00603,0.545956,0.50064,0.035838,0.120088,0.839126,1.0,0.992305,0.995001,0.005014,0.831955,0.293171,0.272364,628751586.0,634171090.0,299167400.0,294264630.0,5278834.0,0.001737,0.0,9.5e-05,0.001803,0.0,5609785.0,5566618.0,2030655.0,0.0,7569446.0,5538791.0,5825755.0,5737378.0,3152554.0,0.500211,0,5609785.0,140331.0,100211.0,140348.0,184331578.0,0.9747798373730461
lib68893_AAAM5GYM5,98.6,75.2,664254,312544,0.0,FIRST_OF_PAIR,215541191.0,2211167.0,7148488.0,4588687.0,0.0,2206460.0,7357024.0,34831426.0,Unknown Library,56.607154,0.852639,0.597613,0.709428,0.427215,298095,0,0.0,0.006198,0.580631,0.500533,0.019819,0.09383,0.880457,1.0,0.99187,0.994374,0.005974,0.872356,0.299826,0.256058,371218635.0,374666085.0,175196848.0,172169272.0,3093203.0,0.001751,0.0,9.1e-05,0.001798,0.0,3315482.0,3288527.0,1101003.0,0.0,4371028.0,3270025.0,3451337.0,3401500.0,2217555.0,0.49982,0,3315482.0,85467.0,58356.0,85478.0,111301026.0,0.9711941564111912
lib68894_AAAM5GYM5,98.4,77.2,398811,216482,0.0,FIRST_OF_PAIR,149322696.0,1515045.0,5299174.0,2932636.0,0.0,1514221.0,3710727.0,16539462.0,Unknown Library,56.67544,0.839548,0.598808,0.723919,0.442042,135473,0,0.0,0.005235,0.611614,0.500136,0.015199,0.067744,0.910507,1.0,0.992668,0.992228,0.006633,0.90161,0.298893,0.225384,244145153.0,246554295.0,115513062.0,113559832.0,2038981.0,0.001682,0.0,8.7e-05,0.001723,0.0,2183172.0,2167166.0,607967.0,0.0,2758289.0,2150322.0,2262617.0,2226819.0,1619378.0,0.499858,0,2183172.0,64298.0,41908.0,64302.0,72973214.0,0.9624757385505737
lib68895_AAAM5GYM5,98.3,74.9,505982,285460,0.0,FIRST_OF_PAIR,191707461.0,1962443.0,6285102.0,3966762.0,0.0,1961456.0,4931408.0,24593457.0,Unknown Library,56.696349,0.830639,0.592562,0.718305,0.434572,202623,0,0.0,0.005805,0.59865,0.500126,0.015399,0.076799,0.902112,1.0,0.992725,0.993154,0.005771,0.893128,0.303462,0.251407,320232729.0,323453919.0,152054659.0,149593947.0,2683899.0,0.00172,0.0,8.8e-05,0.00177,0.0,2861418.0,2840600.0,923339.0,0.0,3744491.0,2821152.0,2971379.0,2921936.0,1848223.0,0.499506,0,2861418.0,83047.0,56985.0,83053.0,97178413.0,0.9649038686969372
lib68896_AAAM5GYM5,98.4,72.8,567883,309524,0.0,FIRST_OF_PAIR,207790957.0,2124450.0,6219287.0,4404628.0,0.0,2117134.0,5216850.0,25211970.0,Unknown Library,56.66686,0.824236,0.604165,0.739044,0.430486,207123,0,0.0,0.005823,0.602816,0.500862,0.015134,0.073142,0.906075,1.0,0.992292,0.994017,0.005729,0.896983,0.303259,0.275716,344700712.0,348194586.0,163329803.0,160697204.0,2883535.0,0.001724,0.0,8.9e-05,0.001776,0.0,3079597.0,3055859.0,1130816.0,0.0,4168393.0,3037577.0,3206524.0,3153958.0,1974696.0,0.499614,0,3079597.0,85737.0,60597.0,85742.0,104533669.0,0.9658329829443031
lib68897_AAAM5GYM5,98.6,73.8,863999,400946,0.0,FIRST_OF_PAIR,280166436.0,3013302.0,10810883.0,6984563.0,0.0,3000910.0,29464638.0,82979990.0,Unknown Library,56.681047,0.843628,0.571912,0.674396,0.399799,852763,0,0.0,0.00616,0.500714,0.50103,0.052659,0.148302,0.793914,1.0,0.992724,0.993967,0.005202,0.787059,0.2932,0.254567,559533633.0,564406990.0,266891458.0,262597012.0,4707023.0,0.00177,0.0,0.000104,0.00183,0.0,4990302.0,4953991.0,1647229.0,0.0,6571332.0,4924103.0,5156782.0,5083587.0,2910962.0,0.500245,0,4990302.0,125327.0,83147.0,125350.0,164055189.0,0.9587832481430836
lib68898_AAAM5GYM5,98.5,74.4,843799,414044,0.0,FIRST_OF_PAIR,289552710.0,3031485.0,10453882.0,6734773.0,0.0,3020077.0,20472836.0,72258675.0,Unknown Library,56.643626,0.839974,0.590882,0.706393,0.411421,688210,0,0.0,0.006328,0.533942,0.500943,0.037752,0.133247,0.823119,1.0,0.992248,0.994051,0.005974,0.815512,0.289178,0.25585,542292654.0,547351436.0,258617710.0,254291735.0,4564622.0,0.001783,0.0,9.8e-05,0.00184,0.0,4842921.0,4805377.0,1605663.0,0.0,6382453.0,4776790.0,5010278.0,4933243.0,3239412.0,0.500174,0,4842921.0,127858.0,87286.0,127874.0,156818841.0,0.9666735612321307
